Elapsed Time (min),Tracer Concentration (mM)
0,1.64
0.2,1.01
0.4,0.624
0.6,0.367
0.8,0.234
1,0.142
1.2,0.0996
1.4,0.0734
1.6,0.0529
1.8,0.00777
2,0.0154
2.2,0
2.4,0
2.6,0.00441
2.8,0.0285
3,0
3.2,0.00839
3.4,0
3.6,0.0202
3.8,0
4,0.00227
4.2,0.0108
4.4,0.0197
4.6,0.027
4.8,0.00306
5,0
5.2,0
5.4,0
5.6,0.0402
5.8,0
6,0.0139
6.2,0
6.4,0.0162
6.6,0
6.8,0
7,0
7.2,0.00964
7.4,0
7.6,0
7.8,0.0249
8,0.00642
