Experiment Number,Temperature (°C),Rate Coefficient (L/mol/min)
1,10,0.000263
2,22,0.000478
3,40,0.00152
4,54,0.00418
5,65,0.00907
6,78,0.0214
7,89,0.042
8,103,0.0942
